Subject,Start Date,Start Time,End Date,End Time,All Day Event,Description,Location,Private
Dance Rehearsal,09/25/2026,4:30 PM,09/25/2026,7:30 PM,False,"Location: The Creative Consortium, 1015 NE Hostmark St #101, Poulsbo, WA 98370","The Creative Consortium, 1015 NE Hostmark St #101, Poulsbo, WA 98370",False
Dance Rehearsal,10/02/2026,4:30 PM,10/02/2026,7:30 PM,False,"Location: The Creative Consortium, 1015 NE Hostmark St #101, Poulsbo, WA 98370","The Creative Consortium, 1015 NE Hostmark St #101, Poulsbo, WA 98370",False
Dance Rehearsal,10/09/2026,4:30 PM,10/09/2026,7:30 PM,False,"Location: The Creative Consortium, 1015 NE Hostmark St #101, Poulsbo, WA 98370","The Creative Consortium, 1015 NE Hostmark St #101, Poulsbo, WA 98370",False
Dance Rehearsal,10/16/2026,4:30 PM,10/16/2026,7:30 PM,False,"Location: KCMT Room, The Creative Consortium, 1015 NE Hostmark St #101, Poulsbo, WA 98370","KCMT Room, The Creative Consortium, 1015 NE Hostmark St #101, Poulsbo, WA 98370",False
Dance Rehearsal,10/23/2026,4:30 PM,10/23/2026,7:30 PM,False,"Location: The Creative Consortium, 1015 NE Hostmark St #101, Poulsbo, WA 98370","The Creative Consortium, 1015 NE Hostmark St #101, Poulsbo, WA 98370",False
Dance Rehearsal,10/30/2026,4:30 PM,10/30/2026,7:30 PM,False,"Location: KCMT Room, The Creative Consortium, 1015 NE Hostmark St #101, Poulsbo, WA 98370","KCMT Room, The Creative Consortium, 1015 NE Hostmark St #101, Poulsbo, WA 98370",False
Dance Rehearsal,11/06/2026,4:30 PM,11/06/2026,7:30 PM,False,"Location: The Creative Consortium, 1015 NE Hostmark St #101, Poulsbo, WA 98370","The Creative Consortium, 1015 NE Hostmark St #101, Poulsbo, WA 98370",False
Dance Rehearsal,11/13/2026,4:30 PM,11/13/2026,7:30 PM,False,"Location: KCMT Room, The Creative Consortium, 1015 NE Hostmark St #101, Poulsbo, WA 98370","KCMT Room, The Creative Consortium, 1015 NE Hostmark St #101, Poulsbo, WA 98370",False
Dance Rehearsal,11/20/2026,4:30 PM,11/20/2026,7:30 PM,False,"Location: The Creative Consortium, 1015 NE Hostmark St #101, Poulsbo, WA 98370","The Creative Consortium, 1015 NE Hostmark St #101, Poulsbo, WA 98370",False
